code,require
KM184501,KM184102
KM184501,KM184304
KM184502,KM184301
KM184601,KM184501
KM184602,KM184501
KM184702,KM184203
KM184702,KM184402
KM184702,KM184504
KM184711,KM184402
KM184711,KM184504
KM184713,KM184304
KM184811,KM184501
KM184811,KM184601
KM184815,KM184401
KM184301,KM184201
KM184302,KM184203
KM184305,KM184201
KM184401,KM184203
KW184901,KM184305
KM184405,KM184302
KM184405,KM184305
KM184503,KM184401
KM184505,KW184901
KM184505,KM184305
KM184714,KM184401
KM184715,KM184404
KM184718,KW184901
KM184719,KW184901
KM184719,KM184505
KM184720,KM184305
KM184720,KW184901
KM184816,KM184203
KM184816,KM184401
KM184817,KM184714
KM184818,KM184305
KM184821,KW184901
KM184823,KM184305
KM184823,KW184901
KM184825,KM184503
KM184825,KM184721
KM184825,KM184404
KM184721,KM184401
KM184721,KM184404
KM184303,KM184202
KM184304,KM184202
KM184403,KM184202
KM184403,KM184303
KM184506,KM184305
KM184506,KW184901
KM184722,KM184303
KM184723,KM184303
KM184723,KM184203
KM184724,KM184102
KM184725,KM184722
KM184726,KM184303
KM184826,KM184304
KM184826,KM184202
KM184826,KM184303
KM184827,KM184303
KM184828,KM184203
KM184829,KM184102
KM184832,KM184303
KM184832,KM184722
KM184834,KM184722
